CREATE TABLE PRODUCT(ID INT PRIMARY KEY, NAME VARCHAR(30),DESCRIPTION VARCHAR(30), SIZE VARCHAR(18), COLOR VARCHAR(8), QUANTITY INT, UNIT_PRICE NUMERIC(15,2));

CREATE TABLE CUSTOMERS(ID INT PRIMARY KEY, FNAME VARCHAR(15), LNAME VARCHAR(20),ADDRESS VARCHAR(35),CITY VARCHAR(20),STATE VARCHAR(20),ZIP VARCHAR(10),PHONE VARCHAR(12), COMAPANY_NAME VARCHAR(35) );

CREATE TABLE CONTACT (ID INT PRIMARY KEY, LAST_NAME VARCHAR(15), FNAME VARCHAR(15), TITLE VARCHAR(2), STREET VARCHAR(30), CITY VARCHAR(20), STATE VARCHAR(2), ZIP VARCHAR(5), PHONE VARCHAR(10), FAX VARCHAR(10));

CREATE TABLE FIN_CODE (CODE VARCHAR(2) PRIMARY KEY, TYPE VARCHAR(10), DESCRIPTION VARCHAR(50));

CREATE TABLE SALE_ORDER_ITEMS(ID INT, LINE_ID SMALLINT, PROD_ID INT CONSTRAINT FK_QWE FOREIGN KEY  REFERENCES PRODUCT(ID), QUANTITY INT, SHIP_DATE DATE, PRIMARY KEY(ID,LINE_ID) );
CREATE TABLE FIN_DATA(YEAR VARCHAR(4),QUARTER VARCHAR(2), CODE VARCHAR(2) CONSTRAINT FK_DATE FOREIGN KEY REFERENCES FIN_CODE(CODE), AMOUNT NUMERIC(9), PRIMARY KEY(YEAR,QUARTER));
CREATE TABLE SALES_ORDER(ID INT PRIMARY KEY, CUST_ID INT CONSTRAINT FK_ORDERS FOREIGN KEY REFERENCES CUSTOMERS(ID),ORDERDATE DATE, FIN_CODE_ID VARCHAR(2) CONSTRAINT FK_CODE FOREIGN KEY REFERENCES FIN_CODE(CODE), REGION VARCHAR(7), SALES_REP INT CONSTRAINT FK_EMPLOYEE FOREIGN KEY REFERENCES EMPLOYEE(EMP_ID));
INSERT INTO FIN_DATA (YEAR, QUARTER, CODE, AMOUNT) VALUES
('2023', 'Q1', 'A1', 10000.50),
('2023', 'Q2', 'B2', 15000.75),
('2023', 'Q3', 'C3', 20000.00),
('2023', 'Q4', 'D4', 25000.25),
('2024', 'Q1', 'E5', 30000.50);

CREATE TABLE DEPARTMENTS (DEPT_ID INT PRIMARY KEY,DEPT_NAME VARCHAR(40),DEPT_HEAD_ID INT CONSTRAINT FK_EMPL FOREIGN KEY REFERENCES EMPLOYEE (EMP_ID));

CREATE TABLE EMPLOYEE(EMP_ID INT PRIMARY KEY, MANAGER_ID INT, EMP_FNAME VARCHAR(20), EMP_LNAME VARCHAR(20),DEPT_ID INT, STREET VARCHAR(40), CITY VARCHAR(40), STATE VARCHAR(4), ZIP_CODE VARCHAR(9), PHONE VARCHAR(10), STATUS VARCHAR(1), SS_NUMBER VARCHAR(11), SALARY NUMERIC(20,3),START_DATE DATE, TERMINATION_DATE DATE, BIRTH_DATE DATE, BENE_HEALTH_INS VARCHAR(1), BENE_LIFE_INS VARCHAR(1), BENE_DAY_CARE VARCHAR(1), SEX VARCHAR(1) );
INSERT INTO EMPLOYEE (
    EMP_ID, MANAGER_ID, EMP_FNAME, EMP_LNAME, DEPT_ID, STREET, CITY, STATE, ZIP_CODE, PHONE, STATUS, SS_NUMBER, SALARY, START_DATE, TERMINATION_DATE, BIRTH_DATE, BENE_HEALTH_INS, BENE_LIFE_INS, BENE_DAY_CARE, SEX
) VALUES
(1, NULL, 'John', 'Doe', 1, '123 Main St', 'Springfield', 'IL', '62701', '2175551234', 'A', '123-45-6789', 75000.000, '2020-01-15', NULL, '1985-05-10', 'Y', 'Y', 'N', 'M'),
(2, 1, 'Jane', 'Smith', 1, '456 Elm St', 'Springfield', 'IL', '62702', '2175552345', 'A', '234-56-7890', 80000.000, '2019-03-10', NULL, '1988-07-22', 'Y', 'N', 'N', 'F'),
(3, 1, 'Robert', 'Johnson', 2, '789 Oak St', 'Metropolis', 'NY', '10001', '2125553456', 'A', '345-67-8901', 95000.000, '2018-06-20', NULL, '1982-11-05', 'N', 'Y', 'Y', 'M'),
(4, 2, 'Emily', 'Davis', 2, '101 Maple St', 'Smallville', 'KS', '66002', '7855554567', 'A', '456-78-9012', 85000.000, '2021-09-25', NULL, '1990-12-12', 'Y', 'N', 'Y', 'F'),
(5, 3, 'Michael', 'Wilson', 3, '202 Birch St', 'Star City', 'CA', '90210', '3105555678', 'A', '567-89-0123', 90000.000, '2022-11-30', NULL, '1983-03-18', 'N', 'Y', 'N', 'M');

ALTER TABLE EMPLOYEE ADD CONSTRAINT FK_TQWS FOREIGN KEY (DEPT_ID) REFERENCES DEPARTMENTS(DEPT_ID); 

insert into product values(11,'soap','wash','12','red',5,1234);
insert into product values(12,'soap-a','wash','12','red',5,1234);
insert into product values(13,'soap-b','wash','12','red',5,1234);
insert into product values(14,'soap-c','wash','12','red',5,1234);
insert into product values(15,'soap-d','wash','12','red',5,1234);
select *from product;
insert into customers values(1,'sam','shibin','svks','vnr','tn','123','9080368578','vi');
insert into customers values(2,'ram','shibin','svks','vnr','tn','125','9080368508','vi');
insert into customers values(3,'raj','shibin','svks','vnr','tn','126','9080368588','vi');
insert into customers values(4,'sax','shibin','svks','vnr','tn','127','9080368558','vi');
insert into customers values(5,'raju','shibin','svks','vnr','tn','129','9080368178','vi');

INSERT INTO CONTACT (ID, LAST_NAME, FNAME, TITLE, STREET, CITY, STATE, ZIP, PHONE, FAX)
VALUES (21, 'raj', 'sam', 'Mr', 'abc', '1234', 'ST', '78965', '4321', '98765432');


INSERT INTO FIN_CODE (CODE, TYPE, DESCRIPTION) VALUES
('A1', 'Type1', 'Description for Type1'),
('B2', 'Type2', 'Description for Type2'),
('C3', 'Type3', 'Description for Type3'),
('D4', 'Type4', 'Description for Type4'),
('E5', 'Type5', 'Description for Type5');

INSERT INTO SALE_ORDER_ITEMS (ID, LINE_ID, PROD_ID, QUANTITY, SHIP_DATE) VALUES
(1, 1, 11, 10, '2023-01-01'),
(1, 2, 12, 5, '2023-01-02'),
(2, 1, 13, 20, '2023-02-01'),
(2, 2, 14, 15, '2023-02-02'),
(3, 1, 15, 8, '2023-03-01');




